{"loss": [1.4308785200119019, 0.44626957178115845, 0.26872214674949646, 0.1842804253101349, 0.13607102632522583, 0.11096927523612976, 0.08515863865613937, 0.0774444043636322, 0.06162887439131737, 0.05738217011094093], "accuracy": [0.5784195065498352, 0.8594779372215271, 0.9132939577102661, 0.9400383830070496, 0.9554164409637451, 0.963923454284668, 0.9722028374671936, 0.9741660356521606, 0.9806956648826599, 0.9813500046730042], "val_loss": [0.5444033145904541, 0.2709995210170746, 0.21002890169620514, 0.138405442237854, 0.1886129528284073, 0.13116444647312164, 0.14555497467517853, 0.09987638890743256, 0.14364705979824066, 0.11742542684078217], "val_accuracy": [0.8285340070724487, 0.9133280515670776, 0.9309697151184082, 0.9551559090614319, 0.9403027296066284, 0.9591964483261108, 0.958172082901001, 0.9696107506752014, 0.9583997130393982, 0.9678465723991394]}